01	笔记/解説サインのための共創ツールに関する研究/VideoPro_20260523_164401_-_frame_at_0m0s.jpg
02	笔记/解説サインのための共創ツールに関する研究/20260522_152215.jpg
03	笔记/解説サインのための共創ツールに関する研究/image 8.png
04	笔记/解説サインのための共創ツールに関する研究/image 10.png
05	笔记/解説サインのための共創ツールに関する研究/image 9.png
06	笔记/解説サインのための共創ツールに関する研究/R2.png
07	笔记/解説サインのための共創ツールに関する研究/R3.png
08	笔记/解説サインのための共創ツールに関する研究/R1.png
09	笔记/解説サインのための共創ツールに関する研究/VideoPro_20260523_164410_-_frame_at_0m0s.jpg
10	笔记/解説サインのための共創ツールに関する研究/20260615_194946.jpg
11	笔记/解説サインのための共創ツールに関する研究/R0.png
12	笔记/解説サインのための共創ツールに関する研究/image 7.png
13	笔记/解説サインのための共創ツールに関する研究/image 6.png
14	笔记/解説サインのための共創ツールに関する研究/画板_3.png
15	笔记/解説サインのための共創ツールに関する研究/image 4.png
16	笔记/解説サインのための共創ツールに関する研究/20260615_195011.jpg
17	笔记/解説サインのための共創ツールに関する研究/image 5.png
18	笔记/解説サインのための共創ツールに関する研究/画板_2.png
19	笔记/解説サインのための共創ツールに関する研究/image 1.png
20	笔记/解説サインのための共創ツールに関する研究/20260615_194849.jpg
21	笔记/解説サインのための共創ツールに関する研究/20260615_194915.jpg
22	笔记/解説サインのための共創ツールに関する研究/画板_2 1.png
23	笔记/解説サインのための共創ツールに関する研究/image 2.png
24	笔记/解説サインのための共創ツールに関する研究/image.png
25	笔记/解説サインのための共創ツールに関する研究/image 3.png